{
  "run_id": "v1sec_seq_pure_olddata_fix6_step-2500_quick20_d2d3_seed1234",
  "run_label": "v1sec_seq_pure_olddata_fix6_step-2500_quick20_d2d3_seed1234",
  "model_path": "/inspire/qb-ilm2/project/embodied-multimodality/public/xyzhang/projects/MOSS-CodecVC/outputs/lora_runs/ver2_9_v1sec_seq_pure_olddata_steps3000/step-2500",
  "asr_jsonl": "/inspire/qb-ilm2/project/embodied-multimodality/public/xyzhang/projects/MOSS-CodecVC/testset/outputs/ver2_9_v1sec_seq_pure_olddata_quick_eval/v1sec_seq_pure_olddata_fix6_step-2500_quick20_d2d3_seed1234/v1sec_seq_pure_olddata_fix6_step-2500_quick20_d2d3_seed1234.asr_eval.jsonl",
  "metrics_csv": "/inspire/qb-ilm2/project/embodied-multimodality/public/xyzhang/projects/MOSS-CodecVC/testset/outputs/ver2_9_v1sec_seq_pure_olddata_quick_eval/v1sec_seq_pure_olddata_fix6_step-2500_quick20_d2d3_seed1234/v1sec_seq_pure_olddata_fix6_step-2500_quick20_d2d3_seed1234.metrics.csv",
  "overall": {
    "n": 20,
    "primary_error": 0.10460227272727271,
    "cer": 0.09368949414403353,
    "wer": 0.10460227272727271,
    "repeat": 0.030341880341880345,
    "duration": 0.9927455538464578,
    "keep": 17
  },
  "by_mode": {
    "no_text": {
      "n": 20,
      "primary_error": 0.10460227272727271,
      "cer": 0.09368949414403353,
      "wer": 0.10460227272727271,
      "repeat": 0.030341880341880345,
      "duration": 0.9927455538464578,
      "keep": 17
    }
  },
  "by_cell": {
    "en_src_en_ref_same_gender": {
      "n": 3,
      "primary_error": 0.15151515151515152,
      "cer": 0.11940298507462686,
      "wer": 0.15151515151515152,
      "repeat": 0.07407407407407407,
      "duration": 0.9913555287947045,
      "keep": 2
    },
    "en_src_zh_ref_f2m": {
      "n": 3,
      "primary_error": 0.022222222222222223,
      "cer": 0.005649717514124294,
      "wer": 0.022222222222222223,
      "repeat": 0.0,
      "duration": 0.993329963973836,
      "keep": 3
    },
    "en_src_zh_ref_m2f": {
      "n": 3,
      "primary_error": 0.05555555555555555,
      "cer": 0.06535947712418301,
      "wer": 0.05555555555555555,
      "repeat": 0.0,
      "duration": 0.9861086902094702,
      "keep": 3
    },
    "en_src_zh_ref_same_gender": {
      "n": 3,
      "primary_error": 0.05555555555555555,
      "cer": 0.02168444791395611,
      "wer": 0.05555555555555555,
      "repeat": 0.0,
      "duration": 0.993009573603834,
      "keep": 3
    },
    "zh_src_en_ref_f2m": {
      "n": 2,
      "primary_error": 0.1,
      "cer": 0.1,
      "wer": 0.1,
      "repeat": 0.0,
      "duration": 0.9901865655184581,
      "keep": 2
    },
    "zh_src_en_ref_m2f": {
      "n": 2,
      "primary_error": 0.21875,
      "cer": 0.21875,
      "wer": 0.21875,
      "repeat": 0.0,
      "duration": 0.9954350691939826,
      "keep": 1
    },
    "zh_src_en_ref_same_gender": {
      "n": 2,
      "primary_error": 0.0,
      "cer": 0.0,
      "wer": 0.0,
      "repeat": 0.0,
      "duration": 0.9981203007518797,
      "keep": 2
    },
    "zh_src_zh_ref_same_gender": {
      "n": 2,
      "primary_error": 0.3,
      "cer": 0.3,
      "wer": 0.3,
      "repeat": 0.19230769230769232,
      "duration": 0.99800796812749,
      "keep": 1
    }
  },
  "by_mode_cell": {
    "no_text:en_src_en_ref_same_gender": {
      "n": 3,
      "primary_error": 0.15151515151515152,
      "cer": 0.11940298507462686,
      "wer": 0.15151515151515152,
      "repeat": 0.07407407407407407,
      "duration": 0.9913555287947045,
      "keep": 2
    },
    "no_text:en_src_zh_ref_f2m": {
      "n": 3,
      "primary_error": 0.022222222222222223,
      "cer": 0.005649717514124294,
      "wer": 0.022222222222222223,
      "repeat": 0.0,
      "duration": 0.993329963973836,
      "keep": 3
    },
    "no_text:en_src_zh_ref_m2f": {
      "n": 3,
      "primary_error": 0.05555555555555555,
      "cer": 0.06535947712418301,
      "wer": 0.05555555555555555,
      "repeat": 0.0,
      "duration": 0.9861086902094702,
      "keep": 3
    },
    "no_text:en_src_zh_ref_same_gender": {
      "n": 3,
      "primary_error": 0.05555555555555555,
      "cer": 0.02168444791395611,
      "wer": 0.05555555555555555,
      "repeat": 0.0,
      "duration": 0.993009573603834,
      "keep": 3
    },
    "no_text:zh_src_en_ref_f2m": {
      "n": 2,
      "primary_error": 0.1,
      "cer": 0.1,
      "wer": 0.1,
      "repeat": 0.0,
      "duration": 0.9901865655184581,
      "keep": 2
    },
    "no_text:zh_src_en_ref_m2f": {
      "n": 2,
      "primary_error": 0.21875,
      "cer": 0.21875,
      "wer": 0.21875,
      "repeat": 0.0,
      "duration": 0.9954350691939826,
      "keep": 1
    },
    "no_text:zh_src_en_ref_same_gender": {
      "n": 2,
      "primary_error": 0.0,
      "cer": 0.0,
      "wer": 0.0,
      "repeat": 0.0,
      "duration": 0.9981203007518797,
      "keep": 2
    },
    "no_text:zh_src_zh_ref_same_gender": {
      "n": 2,
      "primary_error": 0.3,
      "cer": 0.3,
      "wer": 0.3,
      "repeat": 0.19230769230769232,
      "duration": 0.99800796812749,
      "keep": 1
    }
  },
  "filter_reasons": {
    "keep": 17,
    "wer": 1,
    "cer": 1,
    "repeat_score,cer": 1
  }
}