{
  "run_id": "v1sec_seq_pure_olddata_fix6_step-2000_quick20_d2d3_seed1234",
  "run_label": "v1sec_seq_pure_olddata_fix6_step-2000_quick20_d2d3_seed1234",
  "model_path": "/inspire/qb-ilm2/project/embodied-multimodality/public/xyzhang/projects/MOSS-CodecVC/outputs/lora_runs/ver2_9_v1sec_seq_pure_olddata_steps3000/step-2000",
  "asr_jsonl": "/inspire/qb-ilm2/project/embodied-multimodality/public/xyzhang/projects/MOSS-CodecVC/testset/outputs/ver2_9_v1sec_seq_pure_olddata_quick_eval/v1sec_seq_pure_olddata_fix6_step-2000_quick20_d2d3_seed1234/v1sec_seq_pure_olddata_fix6_step-2000_quick20_d2d3_seed1234.asr_eval.jsonl",
  "metrics_csv": "/inspire/qb-ilm2/project/embodied-multimodality/public/xyzhang/projects/MOSS-CodecVC/testset/outputs/ver2_9_v1sec_seq_pure_olddata_quick_eval/v1sec_seq_pure_olddata_fix6_step-2000_quick20_d2d3_seed1234/v1sec_seq_pure_olddata_fix6_step-2000_quick20_d2d3_seed1234.metrics.csv",
  "overall": {
    "n": 20,
    "primary_error": 0.13523841354723706,
    "cer": 0.10959401066436121,
    "wer": 0.13523841354723706,
    "repeat": 0.04642857142857142,
    "duration": 0.9927455538464578,
    "keep": 17
  },
  "by_mode": {
    "no_text": {
      "n": 20,
      "primary_error": 0.13523841354723706,
      "cer": 0.10959401066436121,
      "wer": 0.13523841354723706,
      "repeat": 0.04642857142857142,
      "duration": 0.9927455538464578,
      "keep": 17
    }
  },
  "by_cell": {
    "en_src_en_ref_same_gender": {
      "n": 3,
      "primary_error": 0.1818181818181818,
      "cer": 0.09950248756218905,
      "wer": 0.1818181818181818,
      "repeat": 0.0,
      "duration": 0.9913555287947045,
      "keep": 2
    },
    "en_src_zh_ref_f2m": {
      "n": 3,
      "primary_error": 0.044444444444444446,
      "cer": 0.011299435028248588,
      "wer": 0.044444444444444446,
      "repeat": 0.0,
      "duration": 0.993329963973836,
      "keep": 3
    },
    "en_src_zh_ref_m2f": {
      "n": 3,
      "primary_error": 0.08333333333333333,
      "cer": 0.0392156862745098,
      "wer": 0.08333333333333333,
      "repeat": 0.0,
      "duration": 0.9861086902094702,
      "keep": 3
    },
    "en_src_zh_ref_same_gender": {
      "n": 3,
      "primary_error": 0.027777777777777776,
      "cer": 0.01639344262295082,
      "wer": 0.027777777777777776,
      "repeat": 0.0,
      "duration": 0.993009573603834,
      "keep": 3
    },
    "zh_src_en_ref_f2m": {
      "n": 2,
      "primary_error": 0.1,
      "cer": 0.1,
      "wer": 0.1,
      "repeat": 0.0,
      "duration": 0.9901865655184581,
      "keep": 2
    },
    "zh_src_en_ref_m2f": {
      "n": 2,
      "primary_error": 0.1875,
      "cer": 0.1875,
      "wer": 0.1875,
      "repeat": 0.0,
      "duration": 0.9954350691939826,
      "keep": 1
    },
    "zh_src_en_ref_same_gender": {
      "n": 2,
      "primary_error": 0.058823529411764705,
      "cer": 0.058823529411764705,
      "wer": 0.058823529411764705,
      "repeat": 0.0,
      "duration": 0.9981203007518797,
      "keep": 2
    },
    "zh_src_zh_ref_same_gender": {
      "n": 2,
      "primary_error": 0.5,
      "cer": 0.5,
      "wer": 0.5,
      "repeat": 0.46428571428571425,
      "duration": 0.99800796812749,
      "keep": 1
    }
  },
  "by_mode_cell": {
    "no_text:en_src_en_ref_same_gender": {
      "n": 3,
      "primary_error": 0.1818181818181818,
      "cer": 0.09950248756218905,
      "wer": 0.1818181818181818,
      "repeat": 0.0,
      "duration": 0.9913555287947045,
      "keep": 2
    },
    "no_text:en_src_zh_ref_f2m": {
      "n": 3,
      "primary_error": 0.044444444444444446,
      "cer": 0.011299435028248588,
      "wer": 0.044444444444444446,
      "repeat": 0.0,
      "duration": 0.993329963973836,
      "keep": 3
    },
    "no_text:en_src_zh_ref_m2f": {
      "n": 3,
      "primary_error": 0.08333333333333333,
      "cer": 0.0392156862745098,
      "wer": 0.08333333333333333,
      "repeat": 0.0,
      "duration": 0.9861086902094702,
      "keep": 3
    },
    "no_text:en_src_zh_ref_same_gender": {
      "n": 3,
      "primary_error": 0.027777777777777776,
      "cer": 0.01639344262295082,
      "wer": 0.027777777777777776,
      "repeat": 0.0,
      "duration": 0.993009573603834,
      "keep": 3
    },
    "no_text:zh_src_en_ref_f2m": {
      "n": 2,
      "primary_error": 0.1,
      "cer": 0.1,
      "wer": 0.1,
      "repeat": 0.0,
      "duration": 0.9901865655184581,
      "keep": 2
    },
    "no_text:zh_src_en_ref_m2f": {
      "n": 2,
      "primary_error": 0.1875,
      "cer": 0.1875,
      "wer": 0.1875,
      "repeat": 0.0,
      "duration": 0.9954350691939826,
      "keep": 1
    },
    "no_text:zh_src_en_ref_same_gender": {
      "n": 2,
      "primary_error": 0.058823529411764705,
      "cer": 0.058823529411764705,
      "wer": 0.058823529411764705,
      "repeat": 0.0,
      "duration": 0.9981203007518797,
      "keep": 2
    },
    "no_text:zh_src_zh_ref_same_gender": {
      "n": 2,
      "primary_error": 0.5,
      "cer": 0.5,
      "wer": 0.5,
      "repeat": 0.46428571428571425,
      "duration": 0.99800796812749,
      "keep": 1
    }
  },
  "filter_reasons": {
    "keep": 17,
    "wer": 1,
    "cer": 1,
    "repeat_score,cer": 1
  }
}